Sector,Quantity,MarketValue,CostBasis,UnrealizedPnL,UnrealizedPct
Hàng tiêu dùng thiết yếu,900,51300.0,52902.0,-1602.0,-3.0282408982647113
Nguyên vật liệu,1600,26720.0,30736.0,-4016.0,-13.06611140031234
Tài chính,1000,53000.0,51240.0,1760.0,3.4348165495706517
