Sector,Quantity,MarketValue,CostBasis,UnrealizedPnL,UnrealizedPct
Hàng tiêu dùng thiết yếu,900,51750.0,52902.0,-1152.0,-2.177611432460025
Nguyên vật liệu,2300,39560.0,42573.0,-3013.0,-7.077255537547266
Tài chính,600,32340.0,30744.0,1596.0,5.191256830601088
