Sector,Quantity,MarketValue,CostBasis,UnrealizedPnL,UnrealizedPct
Hàng tiêu dùng thiết yếu,900,51300.0,52902.0,-1602.0,-3.0282408982647113
Nguyên vật liệu,1900,31825.0,35853.0,-4028.0,-11.234764175940647
Tài chính,700,37240.0,35868.0,1372.0,3.825136612021862
