Sector,Quantity,MarketValue,CostBasis,UnrealizedPnL,UnrealizedPct
Hàng tiêu dùng thiết yếu,900,51300.0,52902.0,-1602.0,-3.0282408982647113
Nguyên vật liệu,1600,28239.999999999996,30736.0,-2496.0000000000036,-8.12077043206665
Tài chính,1000,51900.0,51240.0,660.0,1.2880562060889833
