Sector,Quantity,MarketValue,CostBasis,UnrealizedPnL,UnrealizedPct
Hàng tiêu dùng thiết yếu,900,51120.0,52902.0,-1782.0,-3.3684926845865992
Nguyên vật liệu,1900,31255.0,35853.0,-4598.0,-12.824589295177535
Tài chính,700,37240.0,35868.0,1372.0,3.825136612021862
