Sector,Quantity,MarketValue,CostBasis,UnrealizedPnL,UnrealizedPct
Hàng tiêu dùng thiết yếu,900,51480.0,52902.0,-1422.0,-2.6879891119428345
Nguyên vật liệu,2300,38755.0,42573.0,-3818.0,-8.96812533765532
Tài chính,600,31860.0,30744.0,1116.0,3.629976580796246
