Sector,Quantity,MarketValue,CostBasis,UnrealizedPnL,UnrealizedPct
Hàng tiêu dùng thiết yếu,900,51300.0,52902.0,-1602.0,-3.0282408982647113
Nguyên vật liệu,1900,31540.000000000004,35853.0,-4312.999999999996,-12.02967673555908
Tài chính,700,37030.0,35868.0,1162.0,3.2396565183450354
