Sector,Quantity,MarketValue,CostBasis,UnrealizedPnL,UnrealizedPct
Hàng tiêu dùng thiết yếu,900,51390.0,52902.0,-1512.0,-2.8581150051037785
Nguyên vật liệu,1900,31445.0,35853.0,-4408.0,-12.29464758876524
Tài chính,700,36960.0,35868.0,1092.0,3.0444964871194413
