Sector,Quantity,MarketValue,CostBasis,UnrealizedPnL,UnrealizedPct
Hàng tiêu dùng thiết yếu,900,51660.0,52902.0,-1242.0,-2.3477373256209577
Nguyên vật liệu,2300,39330.0,42573.0,-3243.0,-7.617504051863855
Tài chính,600,31680.0,30744.0,936.0,3.0444964871194413
