Sector,Quantity,MarketValue,CostBasis,UnrealizedPnL,UnrealizedPct
Hàng tiêu dùng thiết yếu,900,51300.0,52902.0,-1602.0,-3.0282408982647113
Nguyên vật liệu,1900,31730.0,35853.0,-4123.0,-11.499735029146796
Tài chính,700,37100.0,35868.0,1232.0,3.4348165495706517
