Sector,Quantity,MarketValue,CostBasis,UnrealizedPnL,UnrealizedPct
Hàng tiêu dùng thiết yếu,900,51210.0,52902.0,-1692.0,-3.1983667914256553
Nguyên vật liệu,1900,31445.0,35853.0,-4408.0,-12.29464758876524
Tài chính,700,37380.0,35868.0,1512.0,4.215456674473073
