Sector,Quantity,MarketValue,CostBasis,UnrealizedPnL,UnrealizedPct
Hàng tiêu dùng thiết yếu,900,51300.0,52902.0,-1602.0,-3.0282408982647113
Nguyên vật liệu,1600,27360.000000000004,30736.0,-3375.9999999999964,-10.983862571577296
Tài chính,1000,52400.0,51240.0,1160.0,2.2638563622170205
