Sector,Quantity,MarketValue,CostBasis,UnrealizedPnL,UnrealizedPct
Hàng tiêu dùng thiết yếu,900,51480.0,52902.0,-1422.0,-2.6879891119428345
Nguyên vật liệu,1600,26880.0,30736.0,-3856.0,-12.54554919312858
Tài chính,1000,52800.0,51240.0,1560.0,3.0444964871194413
