Sector,Quantity,MarketValue,CostBasis,UnrealizedPnL,UnrealizedPct
Hàng tiêu dùng thiết yếu,900,51120.0,52902.0,-1782.0,-3.3684926845865992
Nguyên vật liệu,1600,26320.0,30736.0,-4416.0,-14.36751691827174
Tài chính,1000,53200.0,51240.0,1960.0,3.825136612021862
