Sector,Quantity,MarketValue,CostBasis,UnrealizedPnL,UnrealizedPct
Hàng tiêu dùng thiết yếu,900,51660.0,52902.0,-1242.0,-2.3477373256209577
Nguyên vật liệu,1600,27360.000000000004,30736.0,-3375.9999999999964,-10.983862571577296
Tài chính,1000,52800.0,51240.0,1560.0,3.0444964871194413
