Sector,Quantity,MarketValue,CostBasis,UnrealizedPnL,UnrealizedPct
Hàng tiêu dùng thiết yếu,900,51570.0,52902.0,-1332.0,-2.5178632187819017
Nguyên vật liệu,1600,27200.0,30736.0,-3536.0,-11.504424778761058
Tài chính,1000,53000.0,51240.0,1760.0,3.4348165495706517
