Sector,Quantity,MarketValue,CostBasis,UnrealizedPnL,UnrealizedPct
Hàng tiêu dùng thiết yếu,900,51210.0,52902.0,-1692.0,-3.1983667914256553
Nguyên vật liệu,1600,26480.0,30736.0,-4256.0,-13.846954711087978
Tài chính,1000,53400.0,51240.0,2160.0,4.215456674473073
