Sector,Quantity,MarketValue,CostBasis,UnrealizedPnL,UnrealizedPct
Hàng tiêu dùng thiết yếu,900,51210.0,52902.0,-1692.0,-3.1983667914256553
Nguyên vật liệu,1600,26800.0,30736.0,-3936.0,-12.805830296720455
Tài chính,1000,53000.0,51240.0,1760.0,3.4348165495706517
