Sector,Quantity,MarketValue,CostBasis,UnrealizedPnL,UnrealizedPct
Hàng tiêu dùng thiết yếu,900,51390.0,52902.0,-1512.0,-2.8581150051037785
Nguyên vật liệu,1600,26480.0,30736.0,-4256.0,-13.846954711087978
Tài chính,1000,52800.0,51240.0,1560.0,3.0444964871194413
