Sector,Quantity,MarketValue,CostBasis,UnrealizedPnL,UnrealizedPct
Hàng tiêu dùng thiết yếu,900,51480.0,52902.0,-1422.0,-2.6879891119428345
Nguyên vật liệu,1600,27839.999999999996,30736.0,-2896.0000000000036,-9.422175950026034
Tài chính,1000,52300.0,51240.0,1060.0,2.068696330991404
