Sector,Quantity,MarketValue,CostBasis,UnrealizedPnL,UnrealizedPct
Hàng tiêu dùng thiết yếu,900,51300.0,52902.0,-1602.0,-3.0282408982647113
Nguyên vật liệu,1600,26800.0,30736.0,-3936.0,-12.805830296720455
Tài chính,1000,53200.0,51240.0,1960.0,3.825136612021862
