Sector,Quantity,MarketValue,CostBasis,UnrealizedPnL,UnrealizedPct
Hàng tiêu dùng thiết yếu,900,51390.0,52902.0,-1512.0,-2.8581150051037785
Nguyên vật liệu,1600,26720.0,30736.0,-4016.0,-13.06611140031234
Tài chính,1000,52800.0,51240.0,1560.0,3.0444964871194413
