Sector,Quantity,MarketValue,CostBasis,UnrealizedPnL,UnrealizedPct
Hàng tiêu dùng thiết yếu,900,51480.0,52902.0,-1422.0,-2.6879891119428345
Nguyên vật liệu,1600,26960.000000000004,30736.0,-3775.9999999999964,-12.285268089536682
Tài chính,1000,53100.0,51240.0,1860.0,3.629976580796246
