{
  "trend": 0.9634661835748792,
  "momentum": 0.8538647342995169,
  "breadth": 0.39049999999999996,
  "drawdown": 0.7222222222222222,
  "volatility": 0.23894736842105269,
  "index_return": 0.1458138383889196,
  "drawdown_pct": 0.005093468687547453,
  "vol_percentile": 0.7610526315789473,
  "trend_strength": 0.21565577935680133,
  "ma200_slope": 0.02929048094864826,
  "uptrend": 1.0,
  "breadth_long": 0.0,
  "index_atr_pct": 0.01775850707662328,
  "index_atr_percentile": 0.8857442348008385,
  "turnover": 0.5,
  "mcclellan": 0.1880252100840336,
  "nhnl": 0.2809734513274336,
  "market_score": 0.9863811915210571,
  "risk_on_probability": 0.9863811915210571,
  "index_vol_annualized": 0.18941239251085482,
  "index_atr14_pct": 0.01775850707662328,
  "turnover_percentile": 0.5,
  "diag_warnings": [],
  "epu_us_percentile": 0.25,
  "spx_drawdown_pct": 0.0,
  "dxy_percentile": 0.05,
  "brent_mom_63d": 0.0,
  "index_change_pct_intraday": 0.020146357360822334,
  "index_change_pct_smoothed": 0.2187207575833794
}