{
  "trend": 0.9652777777777778,
  "momentum": 0.8611111111111112,
  "breadth": 0.419,
  "drawdown": 0.629979035639413,
  "volatility": 0.2957894736842105,
  "index_return": 0.1252107833037888,
  "drawdown_pct": 0.010133880409599838,
  "vol_percentile": 0.7042105263157895,
  "trend_strength": 0.21142322099404876,
  "ma200_slope": 0.0292798686733204,
  "uptrend": 1.0,
  "breadth_long": 0.0,
  "index_atr_pct": 0.017714514498875317,
  "index_atr_percentile": 0.8836477987421384,
  "turnover": 0.5,
  "mcclellan": 0.20063025210084034,
  "nhnl": 0.37168141592920356,
  "market_score": 0.9904273533774584,
  "risk_on_probability": 0.9904273533774584,
  "index_vol_annualized": 0.16335877946953825,
  "index_atr14_pct": 0.017714514498875317,
  "turnover_percentile": 0.5,
  "diag_warnings": [],
  "epu_us_percentile": 0.25,
  "spx_drawdown_pct": 0.0,
  "dxy_percentile": 0.05,
  "brent_mom_63d": 0.0,
  "index_change_pct_intraday": -0.006551128580781368,
  "index_change_pct_smoothed": 0.18781617495568317
}