{
  "trend": 0.9639830508474576,
  "momentum": 0.8559322033898306,
  "breadth": 0.2762,
  "drawdown": 0.2993697478991597,
  "volatility": 0.4525316455696202,
  "index_return": -0.13541191291889243,
  "drawdown_pct": 0.029753167206079123,
  "vol_percentile": 0.5474683544303798,
  "trend_strength": 0.18917896420143704,
  "ma200_slope": 0.029351495577069966,
  "uptrend": 1.0,
  "breadth_long": 0.0,
  "index_atr_pct": 0.017331186704727115,
  "index_atr_percentile": 0.8728991596638656,
  "turnover": 0.5,
  "mcclellan": 0.011578947368421053,
  "nhnl": 0.3711111111111111,
  "market_score": 0.8067188986055079,
  "risk_on_probability": 0.8067188986055079,
  "index_vol_annualized": 0.13648623829779058,
  "index_atr14_pct": 0.017331186704727115,
  "turnover_percentile": 0.5,
  "diag_warnings": [],
  "epu_us_percentile": 0.25,
  "spx_drawdown_pct": 0.0,
  "dxy_percentile": 0.05,
  "brent_mom_63d": 0.0,
  "index_change_pct_intraday": 0.0,
  "index_change_pct_smoothed": -0.20311786937833864
}