{
  "trend": 0.9646739130434783,
  "momentum": 0.8586956521739131,
  "breadth": 0.4286,
  "drawdown": 0.7935010482180294,
  "volatility": 0.24315789473684213,
  "index_return": 0.18913111615031322,
  "drawdown_pct": 0.001196729332838098,
  "vol_percentile": 0.7568421052631579,
  "trend_strength": 0.22038807139197483,
  "ma200_slope": 0.029314984986550247,
  "uptrend": 1.0,
  "breadth_long": 0.0,
  "index_atr_pct": 0.017449759884639315,
  "index_atr_percentile": 0.8752620545073375,
  "turnover": 0.5,
  "mcclellan": 0.25315126050420167,
  "nhnl": 0.3672566371681416,
  "market_score": 0.995374605796784,
  "risk_on_probability": 0.995374605796784,
  "index_vol_annualized": 0.18700435833098467,
  "index_atr14_pct": 0.017449759884639315,
  "turnover_percentile": 0.5,
  "diag_warnings": [],
  "epu_us_percentile": 0.25,
  "spx_drawdown_pct": 0.0,
  "dxy_percentile": 0.05,
  "brent_mom_63d": 0.0,
  "index_change_pct_intraday": 0.09561696551887658,
  "index_change_pct_smoothed": 0.28369667422546985
}